method,beta,epsilon,weight_decay,n_train,gap_acc_mean,gap_acc_std,gap_nll_mean,gap_nll_std,hans_acc_mean,hans_acc_std,hans_constituent_mean,hans_constituent_std,hans_ece_mean,hans_ece_std,hans_lexical_overlap_mean,hans_lexical_overlap_std,hans_subsequence_mean,hans_subsequence_std,ood_drop_mean,ood_drop_std,time_min_mean,time_min_std,train_acc_mean,train_acc_std,train_nll_mean,train_nll_std,val_acc_mean,val_acc_std,val_ece_mean,val_ece_std,val_entropy_mean,val_entropy_std,val_kl_mean,val_kl_std,val_nll_mean,val_nll_std,n_seeds,label
none,0.0,0.0,0.0,1000,0.27349999999999997,,1.2318163178861141,,0.522,,0.4853515625,,0.40832650488615035,,0.5753286147623863,,0.5065856129685917,,0.1995,,7.453786814212799,,0.995,,0.019295547157526016,,0.7215,,0.21383206309378147,,0.1759168952703476,,0.0,,1.2511118650436401,,1,no regularization
weight_decay,0.0,0.0,0.1,1000,0.274,,1.2279960997402668,,0.5223333333333333,,0.4853515625,,0.4091246611277263,,0.5753286147623863,,0.5075987841945289,,0.19866666666666666,,6.712621279557546,,0.995,,0.019649874418973923,,0.721,,0.21286361059546474,,0.17625653743743896,,0.0,,1.2476459741592407,,1,weight decay  λ=0.1
weight_decay,0.0,0.0,1.0,1000,0.275,,1.1971668750047684,,0.5226666666666666,,0.4873046875,,0.40966788156827294,,0.5763397371081901,,0.5055724417426545,,0.19533333333333336,,6.313614253203074,,0.993,,0.023033306002616882,,0.718,,0.21404475766420367,,0.17962999641895294,,0.0,,1.2202001810073853,,1,weight decay  λ=1
label_smoothing,0.0,0.1,0.0,1000,0.27,,0.6542491987347603,,0.5076666666666667,,0.4853515625,,0.31744657742977145,,0.537917087967644,,0.5005065856129686,,0.21633333333333327,,6.204216452439626,,0.994,,0.08814739435911179,,0.724,,0.09733304511010646,,0.5034990310668945,,0.0,,0.7423965930938721,,1,label smoothing  ε=0.1
confidence_penalty,0.05,0.0,0.0,1000,0.27149999999999996,,1.1500742603093386,,0.523,,0.4873046875,,0.4208481245040893,,0.5763397371081901,,0.5065856129685917,,0.2005,,6.185150170326233,,0.995,,0.022161705419421196,,0.7235,,0.20121893836557864,,0.19606277346611023,,0.0,,1.1722359657287598,,1,conf. penalty  β=0.05
confidence_penalty,0.2,0.0,0.0,1000,0.26949999999999996,,0.8489035964012146,,0.5163333333333333,,0.48828125,,0.3720167021155357,,0.5631951466127402,,0.49848024316109424,,0.20916666666666672,,6.295584551493326,,0.995,,0.035923898220062256,,0.7255,,0.16567471037805082,,0.30732131004333496,,0.0,,0.8848274946212769,,1,conf. penalty  β=0.2
vib,0.0001,0.0,0.0,1000,0.23550000000000004,,1.0056946724653244,,0.5946666666666667,,0.5361328125,,0.35275362217426304,,0.6885743174924166,,0.5612968591691996,,0.15783333333333327,,6.162734766801198,,0.988,,0.04408474266529083,,0.7525,,0.18398473253846168,,0.17469950020313263,,59.51597661820669,,1.0497794151306152,,1,VIB  β=0.0001
vib,0.001,0.0,0.0,1000,0.241,,0.8400303274393082,,0.6053333333333333,,0.5615234375,,0.3062750992973645,,0.7037411526794742,,0.5521783181357649,,0.13966666666666672,,6.2458769162495935,,0.986,,0.04527132213115692,,0.745,,0.1616450813859701,,0.2578311860561371,,30.09507273113917,,0.8853016495704651,,1,VIB  β=0.001
vib,0.01,0.0,0.0,1000,0.245,,0.6085453778505325,,0.5986666666666667,,0.5390625,,0.2633873897393545,,0.7098078867542973,,0.5491388044579534,,0.1433333333333333,,6.157128131389618,,0.987,,0.09463749825954437,,0.742,,0.10389907781779763,,0.4531558156013489,,10.168168961055695,,0.7031828761100769,,1,VIB  β=0.01
