run,method,beta,epsilon,weight_decay,n_train,seed,train_acc,train_nll,val_acc,val_nll,val_ece,val_entropy,hans_acc,hans_ece,gap_nll,gap_acc,ood_drop,val_kl,time_min,hans_constituent,hans_lexical_overlap,hans_subsequence
none_n1000_s0,none,0.0,0.0,0.0,1000,0,0.995,0.019295547157526016,0.7215,1.2511118650436401,0.21383206309378147,0.1759168952703476,0.522,0.40832650488615035,1.2318163178861141,0.27349999999999997,0.1995,0.0,7.453786814212799,0.4853515625,0.5753286147623863,0.5065856129685917
weight_decay_n1000_wd0.1_s0,weight_decay,0.0,0.0,0.1,1000,0,0.995,0.019649874418973923,0.721,1.2476459741592407,0.21286361059546474,0.17625653743743896,0.5223333333333333,0.4091246611277263,1.2279960997402668,0.274,0.19866666666666666,0.0,6.712621279557546,0.4853515625,0.5753286147623863,0.5075987841945289
weight_decay_n1000_wd1_s0,weight_decay,0.0,0.0,1.0,1000,0,0.993,0.023033306002616882,0.718,1.2202001810073853,0.21404475766420367,0.17962999641895294,0.5226666666666666,0.40966788156827294,1.1971668750047684,0.275,0.19533333333333336,0.0,6.313614253203074,0.4873046875,0.5763397371081901,0.5055724417426545
label_smoothing_n1000_e0.1_s0,label_smoothing,0.0,0.1,0.0,1000,0,0.994,0.08814739435911179,0.724,0.7423965930938721,0.09733304511010646,0.5034990310668945,0.5076666666666667,0.31744657742977145,0.6542491987347603,0.27,0.21633333333333327,0.0,6.204216452439626,0.4853515625,0.537917087967644,0.5005065856129686
confidence_penalty_n1000_b0.05_s0,confidence_penalty,0.05,0.0,0.0,1000,0,0.995,0.022161705419421196,0.7235,1.1722359657287598,0.20121893836557864,0.19606277346611023,0.523,0.4208481245040893,1.1500742603093386,0.27149999999999996,0.2005,0.0,6.185150170326233,0.4873046875,0.5763397371081901,0.5065856129685917
confidence_penalty_n1000_b0.2_s0,confidence_penalty,0.2,0.0,0.0,1000,0,0.995,0.035923898220062256,0.7255,0.8848274946212769,0.16567471037805082,0.30732131004333496,0.5163333333333333,0.3720167021155357,0.8489035964012146,0.26949999999999996,0.20916666666666672,0.0,6.295584551493326,0.48828125,0.5631951466127402,0.49848024316109424
vib_n1000_b0.0001_s0,vib,0.0001,0.0,0.0,1000,0,0.988,0.04408474266529083,0.7525,1.0497794151306152,0.18398473253846168,0.17469950020313263,0.5946666666666667,0.35275362217426304,1.0056946724653244,0.23550000000000004,0.15783333333333327,59.51597661820669,6.162734766801198,0.5361328125,0.6885743174924166,0.5612968591691996
vib_n1000_b0.001_s0,vib,0.001,0.0,0.0,1000,0,0.986,0.04527132213115692,0.745,0.8853016495704651,0.1616450813859701,0.2578311860561371,0.6053333333333333,0.3062750992973645,0.8400303274393082,0.241,0.13966666666666672,30.09507273113917,6.2458769162495935,0.5615234375,0.7037411526794742,0.5521783181357649
vib_n1000_b0.01_s0,vib,0.01,0.0,0.0,1000,0,0.987,0.09463749825954437,0.742,0.7031828761100769,0.10389907781779763,0.4531558156013489,0.5986666666666667,0.2633873897393545,0.6085453778505325,0.245,0.1433333333333333,10.168168961055695,6.157128131389618,0.5390625,0.7098078867542973,0.5491388044579534
